ISO_code,year,country,region,hf_score,hf_rank,pf_ss_disappearances_violent,pf_religion_freedom,pf_ss,pf_ss_women,ef_legal_police
ALB,2018,Albania,Eastern Europe,7.81,43.0,10.0,9.0,9.3,8.8,5.6
ALB,2017,Albania,Eastern Europe,7.78,44.0,10.0,8.2,9.3,8.8,6.8
ALB,2016,Albania,Eastern Europe,7.63,50.0,10.0,9.0,8.7,7.5,6.9
ALB,2015,Albania,Eastern Europe,7.55,52.0,10.0,9.0,8.8,7.5,6.7
ALB,2014,Albania,Eastern Europe,7.65,48.0,10.0,9.0,8.6,7.5,4.5
ALB,2013,Albania,Eastern Europe,7.52,54.0,10.0,9.0,8.6,7.5,4.5
ALB,2012,Albania,Eastern Europe,7.54,53.0,10.0,9.3,8.9,8.8,4.5
ALB,2011,Albania,Eastern Europe,7.63,50.0,10.0,9.3,8.9,8.8,5.1
ALB,2010,Albania,Eastern Europe,7.75,45.0,10.0,9.3,9.4,10.0,5.9
ALB,2009,Albania,Eastern Europe,7.72,45.0,10.0,9.3,9.6,10.0,5.8
ALB,2008,Albania,Eastern Europe,7.7,45.0,10.0,9.3,9.6,10.0,5.1
AUT,2018,Austria,Western Europe,8.45,15.0,10.0,6.9,9.9,10.0,8.6
AUT,2017,Austria,Western Europe,8.44,17.0,10.0,6.8,9.9,10.0,8.5
AUT,2016,Austria,Western Europe,8.46,15.0,10.0,7.6,9.9,10.0,8.5
AUT,2015,Austria,Western Europe,8.55,11.0,10.0,7.6,9.9,10.0,8.6
AUT,2014,Austria,Western Europe,8.57,11.0,10.0,8.5,9.9,10.0,8.2
AUT,2013,Austria,Western Europe,8.52,11.0,10.0,8.5,9.9,10.0,8.2
AUT,2012,Austria,Western Europe,8.5,12.0,10.0,8.9,9.8,9.8,8.2
AUT,2011,Austria,Western Europe,8.46,14.0,10.0,8.9,9.8,9.8,8.3
AUT,2010,Austria,Western Europe,8.44,14.0,10.0,8.9,9.8,9.8,8.2
AUT,2009,Austria,Western Europe,8.44,11.0,10.0,8.9,9.8,9.8,7.9
AUT,2008,Austria,Western Europe,8.45,16.0,10.0,8.9,9.8,9.8,8.1
BEL,2018,Belgium,Western Europe,8.28,25.0,10.0,8.0,9.8,10.0,7.6
BEL,2017,Belgium,Western Europe,8.27,26.0,10.0,8.0,9.8,10.0,7.6
BEL,2016,Belgium,Western Europe,8.22,29.0,10.0,8.0,9.4,10.0,7.7
BEL,2015,Belgium,Western Europe,8.35,23.0,10.0,8.0,9.7,10.0,8.1
BEL,2014,Belgium,Western Europe,8.43,19.0,10.0,9.4,9.7,10.0,7.8
BEL,2013,Belgium,Western Europe,8.31,22.0,10.0,9.4,9.8,10.0,7.8
BEL,2012,Belgium,Western Europe,8.27,23.0,10.0,9.2,9.7,9.8,7.7
BEL,2011,Belgium,Western Europe,8.3,22.0,10.0,9.2,9.7,9.8,7.9
BEL,2010,Belgium,Western Europe,8.34,21.0,10.0,9.2,9.7,9.8,7.7
BEL,2009,Belgium,Western Europe,8.29,22.0,10.0,9.2,9.7,9.8,7.6
BEL,2008,Belgium,Western Europe,8.29,22.0,10.0,9.2,9.7,9.8,7.8
BIH,2018,Bosnia and Herzegovina,Eastern Europe,7.34,59.0,10.0,7.5,9.1,8.8,4.5
BIH,2017,Bosnia and Herzegovina,Eastern Europe,7.38,55.0,10.0,7.4,9.1,8.8,4.3
BIH,2016,Bosnia and Herzegovina,Eastern Europe,7.41,54.0,10.0,7.5,8.7,7.5,4.4
BIH,2015,Bosnia and Herzegovina,Eastern Europe,7.34,57.0,10.0,7.5,8.7,7.5,4.9
BIH,2014,Bosnia and Herzegovina,Eastern Europe,7.49,55.0,10.0,7.5,8.8,7.5,7.3
BIH,2013,Bosnia and Herzegovina,Eastern Europe,7.4,56.0,10.0,7.5,8.8,7.5,3.7
BIH,2012,Bosnia and Herzegovina,Eastern Europe,7.44,55.0,10.0,8.6,8.8,7.5,7.3
BIH,2011,Bosnia and Herzegovina,Eastern Europe,7.53,56.0,10.0,8.6,8.8,7.5,6.4
BIH,2010,Bosnia and Herzegovina,Eastern Europe,7.53,53.0,10.0,8.6,9.6,10.0,5.4
BIH,2009,Bosnia and Herzegovina,Eastern Europe,7.53,52.0,10.0,8.6,9.6,10.0,5.2
BIH,2008,Bosnia and Herzegovina,Eastern Europe,7.46,53.0,10.0,8.6,9.6,10.0,4.2
BGR,2018,Bulgaria,Eastern Europe,7.93,37.0,10.0,7.3,9.8,10.0,4.8
BGR,2017,Bulgaria,Eastern Europe,7.89,39.0,10.0,6.8,9.8,10.0,4.4
BGR,2016,Bulgaria,Eastern Europe,7.83,41.0,10.0,6.7,9.8,10.0,4.3
BGR,2015,Bulgaria,Eastern Europe,7.85,44.0,10.0,6.8,9.8,10.0,4.2
BGR,2014,Bulgaria,Eastern Europe,7.96,41.0,10.0,7.1,9.8,10.0,3.8
BGR,2013,Bulgaria,Eastern Europe,7.93,41.0,10.0,7.2,9.8,10.0,3.8
BGR,2012,Bulgaria,Eastern Europe,7.98,40.0,10.0,7.8,9.7,10.0,4.0
BGR,2011,Bulgaria,Eastern Europe,8.0,41.0,10.0,7.8,9.8,10.0,4.0
BGR,2010,Bulgaria,Eastern Europe,8.01,39.0,10.0,7.8,9.7,10.0,4.0
BGR,2009,Bulgaria,Eastern Europe,8.01,38.0,10.0,7.8,9.7,10.0,3.8
BGR,2008,Bulgaria,Eastern Europe,7.89,41.0,10.0,7.9,9.7,10.0,3.3
HRV,2018,Croatia,Eastern Europe,7.92,38.0,10.0,7.3,9.9,10.0,5.4
HRV,2017,Croatia,Eastern Europe,7.93,38.0,10.0,7.7,9.9,10.0,5.9
HRV,2016,Croatia,Eastern Europe,7.82,43.0,10.0,7.7,9.9,10.0,6.1
HRV,2015,Croatia,Eastern Europe,7.92,40.0,10.0,8.6,9.9,10.0,6.4
HRV,2014,Croatia,Eastern Europe,7.88,43.0,10.0,8.6,9.9,10.0,5.7
HRV,2013,Croatia,Eastern Europe,7.79,45.0,10.0,8.6,9.8,10.0,5.7
HRV,2012,Croatia,Eastern Europe,7.86,43.0,10.0,8.9,9.8,10.0,5.9
HRV,2011,Croatia,Eastern Europe,7.89,44.0,10.0,8.9,9.8,10.0,6.1
HRV,2010,Croatia,Eastern Europe,7.65,49.0,10.0,8.9,9.8,10.0,6.2
HRV,2009,Croatia,Eastern Europe,7.7,48.0,10.0,8.8,9.8,10.0,5.7
HRV,2008,Croatia,Eastern Europe,7.49,51.0,10.0,8.8,9.8,10.0,5.6
CYP,2018,Cyprus,Eastern Europe,8.05,33.0,10.0,7.2,9.7,10.0,6.4
CYP,2017,Cyprus,Eastern Europe,8.09,33.0,10.0,7.8,9.8,10.0,6.3
CYP,2016,Cyprus,Eastern Europe,8.24,27.0,10.0,7.3,9.7,10.0,6.2
CYP,2015,Cyprus,Eastern Europe,8.32,26.0,10.0,7.4,9.7,10.0,5.8
CYP,2014,Cyprus,Eastern Europe,8.12,35.0,10.0,7.3,9.7,10.0,6.2
CYP,2013,Cyprus,Eastern Europe,7.84,43.0,10.0,7.3,9.7,10.0,6.2
CYP,2012,Cyprus,Eastern Europe,8.06,37.0,10.0,7.9,9.6,10.0,6.3
CYP,2011,Cyprus,Eastern Europe,8.21,27.0,10.0,7.9,9.7,10.0,6.8
CYP,2010,Cyprus,Eastern Europe,8.39,18.0,10.0,7.9,9.7,10.0,7.1
CYP,2009,Cyprus,Eastern Europe,8.35,18.0,10.0,7.6,9.6,10.0,6.6
CYP,2008,Cyprus,Eastern Europe,8.39,18.0,10.0,7.6,9.7,10.0,7.3
CZE,2018,Czech Republic,Eastern Europe,8.29,24.0,10.0,7.2,9.9,10.0,6.6
CZE,2017,Czech Republic,Eastern Europe,8.32,23.0,10.0,6.7,9.9,10.0,6.4
CZE,2016,Czech Republic,Eastern Europe,8.42,19.0,10.0,7.7,9.9,10.0,6.3
CZE,2015,Czech Republic,Eastern Europe,8.42,20.0,10.0,8.0,9.9,10.0,5.9
CZE,2014,Czech Republic,Eastern Europe,8.43,19.0,10.0,8.8,9.7,10.0,5.1
CZE,2013,Czech Republic,Eastern Europe,8.39,19.0,10.0,9.8,9.7,10.0,5.1
CZE,2012,Czech Republic,Eastern Europe,8.43,17.0,10.0,9.9,9.7,10.0,4.8
CZE,2011,Czech Republic,Eastern Europe,8.38,19.0,10.0,9.9,9.7,10.0,4.7
CZE,2010,Czech Republic,Eastern Europe,8.35,20.0,10.0,9.7,9.7,10.0,4.4
CZE,2009,Czech Republic,Eastern Europe,8.35,18.0,10.0,9.7,9.9,10.0,4.7
CZE,2008,Czech Republic,Eastern Europe,8.37,20.0,10.0,9.7,9.8,10.0,4.8
DNK,2018,Denmark,Western Europe,8.73,4.0,10.0,7.3,9.9,10.0,8.1
DNK,2017,Denmark,Western Europe,8.68,5.0,10.0,9.2,9.8,10.0,7.8
DNK,2016,Denmark,Western Europe,8.62,7.0,10.0,9.3,9.9,10.0,7.9
DNK,2015,Denmark,Western Europe,8.68,5.0,10.0,9.3,9.8,10.0,8.3
DNK,2014,Denmark,Western Europe,8.73,4.0,10.0,9.6,9.8,10.0,8.4
DNK,2013,Denmark,Western Europe,8.74,3.0,10.0,9.6,9.9,10.0,8.4
DNK,2012,Denmark,Western Europe,8.69,4.0,10.0,10.0,9.8,9.8,8.5
DNK,2011,Denmark,Western Europe,8.71,5.0,10.0,10.0,9.8,9.8,8.7
DNK,2010,Denmark,Western Europe,8.71,4.0,10.0,10.0,9.8,9.8,8.9
DNK,2009,Denmark,Western Europe,8.67,5.0,10.0,10.0,9.8,9.8,8.7
DNK,2008,Denmark,Western Europe,8.72,4.0,10.0,10.0,9.8,9.8,9.1
EST,2018,Estonia,Eastern Europe,8.54,8.0,10.0,8.9,9.7,10.0,8.3
EST,2017,Estonia,Eastern Europe,8.5,12.0,10.0,8.9,9.7,10.0,8.3
EST,2016,Estonia,Eastern Europe,8.54,11.0,10.0,8.9,9.7,10.0,8.3
EST,2015,Estonia,Eastern Europe,8.53,14.0,10.0,8.8,9.5,10.0,8.4
EST,2014,Estonia,Eastern Europe,8.51,15.0,10.0,8.6,9.6,10.0,7.1
EST,2013,Estonia,Eastern Europe,8.45,14.0,10.0,8.7,9.5,10.0,7.1
EST,2012,Estonia,Eastern Europe,8.45,15.0,10.0,9.3,9.4,10.0,7.2
EST,2011,Estonia,Eastern Europe,8.48,13.0,10.0,9.3,9.3,10.0,7.4
EST,2010,Estonia,Eastern Europe,8.53,11.0,10.0,9.3,9.3,10.0,7.5
EST,2009,Estonia,Eastern Europe,8.44,11.0,10.0,9.3,9.1,10.0,7.3
EST,2008,Estonia,Eastern Europe,8.46,15.0,10.0,9.3,9.1,10.0,7.6
FIN,2018,Finland,Western Europe,8.49,11.0,10.0,9.2,9.8,10.0,9.5
FIN,2017,Finland,Western Europe,8.47,14.0,10.0,9.1,9.8,10.0,9.7
FIN,2016,Finland,Western Europe,8.46,15.0,10.0,9.5,9.8,10.0,9.7
FIN,2015,Finland,Western Europe,8.52,15.0,10.0,9.5,9.8,10.0,9.6
FIN,2014,Finland,Western Europe,8.62,8.0,10.0,9.5,9.8,10.0,9.6
FIN,2013,Finland,Western Europe,8.59,8.0,10.0,9.5,9.8,10.0,9.6
FIN,2012,Finland,Western Europe,8.67,5.0,10.0,10.0,9.8,10.0,9.5
FIN,2011,Finland,Western Europe,8.72,4.0,10.0,10.0,9.7,10.0,9.4
FIN,2010,Finland,Western Europe,8.68,5.0,10.0,10.0,9.7,10.0,9.5
FIN,2009,Finland,Western Europe,8.63,7.0,10.0,10.0,9.7,10.0,9.4
FIN,2008,Finland,Western Europe,8.63,7.0,10.0,10.0,9.7,10.0,9.4
FRA,2018,France,Western Europe,8.05,33.0,10.0,7.3,9.4,8.8,7.1
FRA,2017,France,Western Europe,8.08,34.0,10.0,7.3,9.4,8.8,7.8
FRA,2016,France,Western Europe,8.11,33.0,10.0,7.3,9.7,10.0,7.8
FRA,2015,France,Western Europe,8.13,33.0,10.0,7.3,9.7,10.0,7.9
FRA,2014,France,Western Europe,8.15,33.0,10.0,7.3,9.7,10.0,7.2
FRA,2013,France,Western Europe,8.08,34.0,10.0,7.9,9.7,10.0,7.2
FRA,2012,France,Western Europe,8.08,36.0,10.0,7.9,9.6,9.8,7.1
FRA,2011,France,Western Europe,8.1,36.0,10.0,7.9,9.6,9.8,7.2
FRA,2010,France,Western Europe,8.15,31.0,10.0,7.9,9.6,9.8,7.3
FRA,2009,France,Western Europe,8.25,23.0,10.0,8.8,9.7,9.8,7.7
FRA,2008,France,Western Europe,8.27,25.0,10.0,8.8,9.5,9.8,7.8
DEU,2018,Germany,Western Europe,8.52,9.0,10.0,8.7,9.9,10.0,6.8
DEU,2017,Germany,Western Europe,8.53,10.0,10.0,8.7,9.9,10.0,7.2
DEU,2016,Germany,Western Europe,8.55,9.0,10.0,8.3,9.8,10.0,7.2
DEU,2015,Germany,Western Europe,8.58,9.0,10.0,8.3,9.9,10.0,7.2
DEU,2014,Germany,Western Europe,8.55,13.0,10.0,8.3,9.9,10.0,8.2
DEU,2013,Germany,Western Europe,8.5,13.0,10.0,8.3,9.9,10.0,8.2
DEU,2012,Germany,Western Europe,8.47,13.0,10.0,9.0,9.8,9.8,8.3
DEU,2011,Germany,Western Europe,8.5,12.0,10.0,9.0,9.8,9.8,8.2
DEU,2010,Germany,Western Europe,8.4,17.0,10.0,9.0,9.8,9.8,8.1
DEU,2009,Germany,Western Europe,8.41,16.0,10.0,9.0,9.8,9.8,8.7
DEU,2008,Germany,Western Europe,8.39,18.0,10.0,9.0,9.8,9.8,8.7
GRC,2018,Greece,Eastern Europe,7.38,56.0,10.0,7.1,8.7,7.5,5.1
GRC,2017,Greece,Eastern Europe,7.44,53.0,10.0,6.7,8.7,7.5,5.5
GRC,2016,Greece,Eastern Europe,7.3,58.0,10.0,6.3,8.6,7.5,5.6
GRC,2015,Greece,Eastern Europe,7.33,58.0,10.0,6.3,8.7,7.5,6.2
GRC,2014,Greece,Eastern Europe,7.59,52.0,10.0,6.3,8.7,7.5,5.6
GRC,2013,Greece,Eastern Europe,7.54,53.0,10.0,6.3,8.6,7.5,5.6
GRC,2012,Greece,Eastern Europe,7.67,47.0,10.0,6.8,9.6,10.0,5.1
GRC,2011,Greece,Eastern Europe,7.76,46.0,10.0,6.8,9.6,10.0,4.9
GRC,2010,Greece,Eastern Europe,7.72,47.0,10.0,6.8,9.6,10.0,5.0
GRC,2009,Greece,Eastern Europe,7.72,45.0,10.0,7.9,9.6,10.0,4.5
GRC,2008,Greece,Eastern Europe,7.79,44.0,10.0,7.9,9.7,10.0,4.9
HUN,2018,Hungary,Eastern Europe,7.61,49.0,10.0,8.1,8.7,7.5,5.9
HUN,2017,Hungary,Eastern Europe,7.68,45.0,10.0,8.1,8.7,7.5,5.8
HUN,2016,Hungary,Eastern Europe,7.88,38.0,10.0,8.1,9.6,10.0,5.8
HUN,2015,Hungary,Eastern Europe,7.86,43.0,10.0,8.1,9.5,10.0,5.5
HUN,2014,Hungary,Eastern Europe,7.98,40.0,10.0,8.1,9.6,10.0,5.2
HUN,2013,Hungary,Eastern Europe,7.94,40.0,10.0,8.1,9.6,10.0,5.2
HUN,2012,Hungary,Eastern Europe,7.97,41.0,10.0,6.9,9.6,9.8,5.3
HUN,2011,Hungary,Eastern Europe,8.12,34.0,10.0,8.0,9.6,9.8,5.4
HUN,2010,Hungary,Eastern Europe,8.17,28.0,10.0,9.2,9.6,9.8,5.4
HUN,2009,Hungary,Eastern Europe,8.19,26.0,10.0,9.8,9.6,9.8,5.4
HUN,2008,Hungary,Eastern Europe,8.14,32.0,10.0,9.8,9.5,9.8,5.7
ISL,2018,Iceland,Western Europe,8.39,20.0,10.0,8.7,9.9,10.0,9.0
ISL,2017,Iceland,Western Europe,8.39,19.0,10.0,8.7,9.9,10.0,9.0
ISL,2016,Iceland,Western Europe,8.37,24.0,10.0,7.5,10.0,10.0,8.9
ISL,2015,Iceland,Western Europe,8.18,31.0,10.0,7.5,9.9,10.0,9.0
ISL,2014,Iceland,Western Europe,8.2,29.0,10.0,7.5,9.9,10.0,8.5
ISL,2013,Iceland,Western Europe,8.12,31.0,10.0,8.7,10.0,10.0,8.5
ISL,2012,Iceland,Western Europe,8.12,34.0,10.0,9.0,10.0,10.0,8.5
ISL,2011,Iceland,Western Europe,8.08,38.0,10.0,9.0,9.9,10.0,8.6
ISL,2010,Iceland,Western Europe,7.87,41.0,10.0,9.0,9.9,10.0,8.8
ISL,2009,Iceland,Western Europe,7.97,40.0,10.0,9.5,10.0,10.0,8.9
ISL,2008,Iceland,Western Europe,8.19,28.0,10.0,9.5,10.0,10.0,8.9
IRL,2018,Ireland,Western Europe,8.62,7.0,10.0,7.1,9.7,10.0,7.8
IRL,2017,Ireland,Western Europe,8.65,7.0,10.0,9.4,9.7,10.0,7.9
IRL,2016,Ireland,Western Europe,8.67,4.0,10.0,9.4,9.7,10.0,8.0
IRL,2015,Ireland,Western Europe,8.79,2.0,10.0,9.4,9.8,10.0,8.5
IRL,2014,Ireland,Western Europe,8.62,8.0,10.0,9.4,9.7,10.0,8.5
IRL,2013,Ireland,Western Europe,8.58,9.0,10.0,9.4,9.7,10.0,8.5
IRL,2012,Ireland,Western Europe,8.56,10.0,10.0,8.9,9.7,10.0,8.5
IRL,2011,Ireland,Western Europe,8.57,8.0,10.0,9.0,9.7,10.0,8.4
IRL,2010,Ireland,Western Europe,8.48,12.0,10.0,9.0,9.7,10.0,8.4
IRL,2009,Ireland,Western Europe,8.43,14.0,10.0,8.9,9.7,10.0,8.3
IRL,2008,Ireland,Western Europe,8.51,11.0,10.0,8.6,9.7,10.0,8.2
ITA,2018,Italy,Western Europe,8.12,31.0,10.0,8.6,9.9,10.0,6.4
ITA,2017,Italy,Western Europe,8.16,30.0,10.0,8.6,9.9,10.0,6.0
ITA,2016,Italy,Western Europe,8.17,32.0,10.0,8.8,9.9,10.0,5.8
ITA,2015,Italy,Western Europe,8.21,29.0,10.0,8.9,9.9,10.0,5.5
ITA,2014,Italy,Western Europe,8.21,28.0,10.0,8.9,9.9,10.0,6.4
ITA,2013,Italy,Western Europe,8.19,27.0,10.0,8.9,9.9,10.0,6.4
ITA,2012,Italy,Western Europe,8.17,26.0,10.0,8.2,9.8,9.8,6.7
ITA,2011,Italy,Western Europe,8.17,30.0,10.0,8.2,9.8,9.8,6.8
ITA,2010,Italy,Western Europe,8.17,28.0,10.0,9.0,9.8,9.8,6.8
ITA,2009,Italy,Western Europe,8.1,32.0,10.0,9.0,9.8,9.8,6.3
ITA,2008,Italy,Western Europe,8.13,33.0,10.0,9.0,9.8,9.8,6.0
LVA,2018,Latvia,Eastern Europe,8.34,22.0,10.0,9.3,9.4,10.0,6.2
LVA,2017,Latvia,Eastern Europe,8.39,19.0,10.0,9.3,9.6,10.0,5.7
LVA,2016,Latvia,Eastern Europe,8.42,19.0,10.0,9.3,9.6,10.0,5.4
LVA,2015,Latvia,Eastern Europe,8.45,17.0,10.0,9.5,9.6,10.0,5.3
LVA,2014,Latvia,Eastern Europe,8.4,21.0,10.0,9.5,9.6,10.0,6.1
LVA,2013,Latvia,Eastern Europe,8.35,21.0,10.0,9.5,9.7,10.0,6.1
LVA,2012,Latvia,Eastern Europe,8.29,20.0,10.0,9.8,9.5,10.0,5.6
LVA,2011,Latvia,Eastern Europe,8.26,23.0,10.0,9.8,9.6,10.0,5.5
LVA,2010,Latvia,Eastern Europe,8.22,25.0,10.0,9.8,9.6,10.0,5.3
LVA,2009,Latvia,Eastern Europe,8.15,29.0,10.0,9.0,9.2,10.0,5.1
LVA,2008,Latvia,Eastern Europe,8.27,25.0,10.0,9.0,9.2,10.0,5.2
LTU,2018,Lithuania,Eastern Europe,8.37,21.0,10.0,8.5,9.4,10.0,7.0
LTU,2017,Lithuania,Eastern Europe,8.35,22.0,10.0,8.5,9.4,10.0,6.5
LTU,2016,Lithuania,Eastern Europe,8.4,22.0,10.0,8.5,9.3,10.0,6.2
LTU,2015,Lithuania,Eastern Europe,8.42,20.0,10.0,9.8,9.2,10.0,6.2
LTU,2014,Lithuania,Eastern Europe,8.39,22.0,10.0,9.8,9.3,10.0,5.5
LTU,2013,Lithuania,Eastern Europe,8.27,24.0,10.0,9.8,9.1,10.0,5.5
LTU,2012,Lithuania,Eastern Europe,8.17,26.0,10.0,9.8,9.1,10.0,5.4
LTU,2011,Lithuania,Eastern Europe,8.17,30.0,10.0,9.8,9.1,10.0,5.5
LTU,2010,Lithuania,Eastern Europe,8.11,34.0,10.0,9.8,9.1,10.0,5.3
LTU,2009,Lithuania,Eastern Europe,8.05,36.0,10.0,9.8,8.9,10.0,5.1
LTU,2008,Lithuania,Eastern Europe,8.01,38.0,10.0,9.8,8.8,10.0,5.3
LUX,2018,Luxembourg,Western Europe,8.49,11.0,10.0,8.0,10.0,10.0,8.6
LUX,2017,Luxembourg,Western Europe,8.47,14.0,10.0,8.0,10.0,10.0,8.6
LUX,2016,Luxembourg,Western Europe,8.44,18.0,10.0,8.0,9.9,10.0,8.7
LUX,2015,Luxembourg,Western Europe,8.48,16.0,10.0,8.0,9.9,10.0,8.7
LUX,2014,Luxembourg,Western Europe,8.55,13.0,10.0,8.0,9.9,10.0,8.6
LUX,2013,Luxembourg,Western Europe,8.45,14.0,10.0,8.0,10.0,10.0,8.6
LUX,2012,Luxembourg,Western Europe,8.37,19.0,10.0,8.0,10.0,10.0,8.4
LUX,2011,Luxembourg,Western Europe,8.39,17.0,10.0,8.0,9.9,10.0,8.1
LUX,2010,Luxembourg,Western Europe,8.37,19.0,10.0,8.0,9.7,10.0,8.1
LUX,2009,Luxembourg,Western Europe,8.35,18.0,10.0,8.0,9.9,10.0,8.3
LUX,2008,Luxembourg,Western Europe,8.41,17.0,10.0,8.0,9.6,10.0,8.6
MLT,2018,Malta,Western Europe,8.33,23.0,10.0,6.3,9.8,10.0,5.3
MLT,2017,Malta,Western Europe,8.3,25.0,10.0,6.3,9.8,10.0,5.9
MLT,2016,Malta,Western Europe,8.42,19.0,10.0,6.3,9.9,10.0,6.3
MLT,2015,Malta,Western Europe,8.44,18.0,10.0,6.3,9.9,10.0,6.6
MLT,2014,Malta,Western Europe,8.36,23.0,10.0,6.3,9.8,10.0,7.1
MLT,2013,Malta,Western Europe,8.36,20.0,10.0,6.3,9.8,10.0,7.1
MLT,2012,Malta,Western Europe,8.29,20.0,10.0,6.3,9.6,10.0,7.1
MLT,2011,Malta,Western Europe,8.37,20.0,10.0,6.3,9.9,10.0,6.7
MLT,2010,Malta,Western Europe,8.34,21.0,10.0,6.3,9.9,10.0,6.9
MLT,2009,Malta,Western Europe,8.34,21.0,10.0,6.3,9.9,10.0,7.2
MLT,2008,Malta,Western Europe,8.3,21.0,10.0,6.3,9.8,10.0,7.4
MDA,2018,Moldova,Eastern Europe,7.18,65.0,10.0,7.3,9.1,10.0,4.4
MDA,2017,Moldova,Eastern Europe,7.14,65.0,10.0,7.1,9.2,10.0,4.2
MDA,2016,Moldova,Eastern Europe,7.09,70.0,10.0,7.2,8.4,7.5,4.0
MDA,2015,Moldova,Eastern Europe,7.0,77.0,10.0,6.8,8.4,7.5,3.7
MDA,2014,Moldova,Eastern Europe,7.06,70.0,10.0,6.6,8.4,7.5,3.5
MDA,2013,Moldova,Eastern Europe,7.02,75.0,10.0,6.6,8.3,7.5,3.5
MDA,2012,Moldova,Eastern Europe,7.11,70.0,10.0,7.1,8.5,8.8,3.4
MDA,2011,Moldova,Eastern Europe,7.1,72.0,10.0,7.1,8.3,8.8,3.4
MDA,2010,Moldova,Eastern Europe,7.08,74.0,10.0,7.1,8.8,10.0,3.4
MDA,2009,Moldova,Eastern Europe,6.97,80.0,10.0,5.9,8.4,10.0,3.7
MDA,2008,Moldova,Eastern Europe,6.97,80.0,10.0,6.0,8.9,10.0,3.7
MNE,2018,Montenegro,Eastern Europe,7.46,52.0,10.0,8.3,9.1,8.8,5.9
MNE,2017,Montenegro,Eastern Europe,7.39,54.0,10.0,8.7,9.1,8.8,5.2
MNE,2016,Montenegro,Eastern Europe,7.27,61.0,10.0,8.7,9.2,10.0,4.9
MNE,2015,Montenegro,Eastern Europe,7.53,53.0,10.0,8.7,9.5,10.0,4.5
MNE,2014,Montenegro,Eastern Europe,7.75,45.0,10.0,8.7,9.4,10.0,5.5
MNE,2013,Montenegro,Eastern Europe,7.82,44.0,10.0,8.7,9.6,10.0,5.5
MNE,2012,Montenegro,Eastern Europe,7.69,46.0,10.0,6.4,9.5,10.0,6.1
MNE,2011,Montenegro,Eastern Europe,7.67,48.0,10.0,6.4,9.4,10.0,6.7
MNE,2010,Montenegro,Eastern Europe,7.74,46.0,10.0,6.4,9.5,10.0,6.5
MNE,2009,Montenegro,Eastern Europe,7.62,50.0,10.0,6.4,9.4,10.0,6.2
MNE,2008,Montenegro,Eastern Europe,7.63,47.0,10.0,6.4,9.3,10.0,6.4
NLD,2018,Netherlands,Western Europe,8.48,14.0,10.0,9.3,9.9,10.0,8.3
NLD,2017,Netherlands,Western Europe,8.45,16.0,10.0,9.3,9.9,10.0,8.4
NLD,2016,Netherlands,Western Europe,8.55,9.0,10.0,9.5,9.9,10.0,8.6
NLD,2015,Netherlands,Western Europe,8.55,11.0,10.0,9.5,9.9,10.0,8.7
NLD,2014,Netherlands,Western Europe,8.49,17.0,10.0,9.5,9.7,10.0,8.4
NLD,2013,Netherlands,Western Europe,8.41,18.0,10.0,9.5,9.7,10.0,8.4
NLD,2012,Netherlands,Western Europe,8.42,18.0,10.0,10.0,9.6,9.8,8.5
NLD,2011,Netherlands,Western Europe,8.46,14.0,10.0,10.0,9.6,9.8,8.7
NLD,2010,Netherlands,Western Europe,8.43,15.0,10.0,10.0,9.6,9.8,8.5
NLD,2009,Netherlands,Western Europe,8.42,15.0,10.0,10.0,9.8,9.8,8.3
NLD,2008,Netherlands,Western Europe,8.49,13.0,10.0,10.0,9.6,9.8,8.6
MKD,2018,North Macedonia,Eastern Europe,7.4,55.0,10.0,5.6,9.1,8.8,3.9
MKD,2017,North Macedonia,Eastern Europe,7.37,56.0,10.0,6.1,9.1,8.8,4.1
MKD,2016,North Macedonia,Eastern Europe,7.29,59.0,10.0,5.6,8.7,7.5,6.6
MKD,2015,North Macedonia,Eastern Europe,7.27,60.0,10.0,6.5,8.7,7.5,6.6
MKD,2014,North Macedonia,Eastern Europe,7.03,71.0,10.0,5.6,8.7,7.5,5.9
MKD,2013,North Macedonia,Eastern Europe,7.23,65.0,10.0,5.9,8.9,7.5,5.9
MKD,2012,North Macedonia,Eastern Europe,7.4,56.0,10.0,6.5,9.6,10.0,5.7
MKD,2011,North Macedonia,Eastern Europe,7.63,50.0,10.0,7.1,9.6,10.0,5.5
MKD,2010,North Macedonia,Eastern Europe,7.49,55.0,10.0,6.7,8.7,7.5,5.3
MKD,2009,North Macedonia,Eastern Europe,7.47,53.0,10.0,6.6,8.8,7.5,5.3
MKD,2008,North Macedonia,Eastern Europe,7.5,50.0,10.0,6.6,8.7,7.5,5.4
NOR,2018,Norway,Western Europe,8.45,15.0,10.0,9.6,9.8,10.0,8.0
NOR,2017,Norway,Western Europe,8.51,11.0,10.0,9.6,9.9,10.0,8.6
NOR,2016,Norway,Western Europe,8.56,8.0,10.0,9.6,9.9,10.0,9.2
NOR,2015,Norway,Western Europe,8.37,22.0,10.0,9.6,9.9,10.0,9.1
NOR,2014,Norway,Western Europe,8.63,7.0,10.0,9.8,9.9,10.0,8.4
NOR,2013,Norway,Western Europe,8.63,6.0,10.0,9.8,9.9,10.0,8.4
NOR,2012,Norway,Western Europe,8.66,6.0,10.0,10.0,9.8,9.8,8.4
NOR,2011,Norway,Western Europe,8.53,11.0,10.0,10.0,9.1,9.8,8.3
NOR,2010,Norway,Western Europe,8.59,8.0,10.0,10.0,9.8,9.8,8.3
NOR,2009,Norway,Western Europe,8.53,9.0,10.0,10.0,9.8,9.8,8.7
NOR,2008,Norway,Western Europe,8.59,9.0,10.0,9.9,9.8,9.8,8.8
POL,2018,Poland,Eastern Europe,7.72,45.0,10.0,7.9,9.7,10.0,5.1
POL,2017,Poland,Eastern Europe,7.84,41.0,10.0,7.3,9.7,10.0,5.1
POL,2016,Poland,Eastern Europe,7.88,38.0,10.0,7.9,9.7,10.0,5.1
POL,2015,Poland,Eastern Europe,8.12,34.0,10.0,9.0,9.9,10.0,5.1
POL,2014,Poland,Eastern Europe,8.24,27.0,10.0,9.0,9.9,10.0,5.1
POL,2013,Poland,Eastern Europe,8.09,32.0,10.0,9.0,9.9,10.0,5.1
POL,2012,Poland,Eastern Europe,8.14,31.0,10.0,9.4,9.9,10.0,5.1
POL,2011,Poland,Eastern Europe,8.19,29.0,10.0,9.4,9.8,10.0,5.5
POL,2010,Poland,Eastern Europe,8.13,32.0,10.0,9.4,9.8,10.0,5.6
POL,2009,Poland,Eastern Europe,8.15,29.0,10.0,9.4,9.8,10.0,5.6
POL,2008,Poland,Eastern Europe,8.1,35.0,10.0,9.4,9.8,10.0,5.1
PRT,2018,Portugal,Western Europe,8.27,26.0,10.0,10.0,9.9,10.0,8.0
PRT,2017,Portugal,Western Europe,8.32,23.0,10.0,10.0,9.9,10.0,7.9
PRT,2016,Portugal,Western Europe,8.29,25.0,10.0,10.0,9.9,10.0,7.9
PRT,2015,Portugal,Western Europe,8.33,25.0,10.0,10.0,9.9,10.0,7.9
PRT,2014,Portugal,Western Europe,8.36,23.0,10.0,10.0,9.9,10.0,7.2
PRT,2013,Portugal,Western Europe,8.29,23.0,10.0,10.0,9.8,10.0,7.2
PRT,2012,Portugal,Western Europe,8.26,24.0,10.0,10.0,9.8,10.0,7.1
PRT,2011,Portugal,Western Europe,8.24,24.0,10.0,10.0,9.9,10.0,6.9
PRT,2010,Portugal,Western Europe,8.13,32.0,10.0,10.0,9.8,10.0,6.7
PRT,2009,Portugal,Western Europe,8.07,35.0,10.0,10.0,9.8,10.0,6.8
PRT,2008,Portugal,Western Europe,8.19,28.0,10.0,10.0,9.8,10.0,6.7
ROU,2018,Romania,Eastern Europe,8.09,32.0,10.0,8.0,9.8,10.0,6.6
ROU,2017,Romania,Eastern Europe,8.12,32.0,10.0,8.1,9.8,10.0,6.0
ROU,2016,Romania,Eastern Europe,8.22,29.0,10.0,8.1,9.8,10.0,5.6
ROU,2015,Romania,Eastern Europe,8.22,28.0,10.0,8.0,9.8,10.0,5.3
ROU,2014,Romania,Eastern Europe,8.32,25.0,10.0,8.0,9.8,10.0,5.4
ROU,2013,Romania,Eastern Europe,8.21,26.0,10.0,8.0,9.8,10.0,5.4
ROU,2012,Romania,Eastern Europe,8.14,31.0,10.0,8.4,9.8,10.0,4.4
ROU,2011,Romania,Eastern Europe,8.1,36.0,10.0,8.4,9.8,10.0,4.1
ROU,2010,Romania,Eastern Europe,8.1,36.0,10.0,8.4,9.7,10.0,4.5
ROU,2009,Romania,Eastern Europe,8.09,33.0,10.0,8.4,9.7,10.0,5.3
ROU,2008,Romania,Eastern Europe,8.06,36.0,10.0,8.4,9.7,10.0,5.3
RUS,2018,Russian Federation,Eastern Europe,6.31,115.0,9.9,4.5,7.9,10.0,5.0
RUS,2017,Russian Federation,Eastern Europe,6.3,116.0,9.9,4.9,7.7,10.0,4.9
RUS,2016,Russian Federation,Eastern Europe,6.23,122.0,9.8,4.9,7.8,10.0,4.6
RUS,2015,Russian Federation,Eastern Europe,6.1,122.0,9.8,5.3,7.4,10.0,4.2
RUS,2014,Russian Federation,Eastern Europe,6.23,121.0,9.6,5.3,7.4,10.0,3.7
RUS,2013,Russian Federation,Eastern Europe,6.5,109.0,9.3,5.9,7.7,10.0,3.7
RUS,2012,Russian Federation,Eastern Europe,6.53,101.0,8.8,5.0,7.7,10.0,3.4
RUS,2011,Russian Federation,Eastern Europe,6.5,105.0,9.2,5.6,7.4,10.0,3.0
RUS,2010,Russian Federation,Eastern Europe,6.44,109.0,9.0,5.6,6.9,10.0,2.7
RUS,2009,Russian Federation,Eastern Europe,6.36,106.0,8.4,5.6,6.9,10.0,2.9
RUS,2008,Russian Federation,Eastern Europe,6.43,104.0,9.1,5.5,7.0,10.0,3.5
SRB,2018,Serbia,Eastern Europe,7.34,59.0,10.0,7.7,9.1,8.8,5.1
SRB,2017,Serbia,Eastern Europe,7.32,58.0,10.0,8.2,9.3,8.8,5.0
SRB,2016,Serbia,Eastern Europe,7.33,57.0,10.0,7.7,9.2,8.8,4.8
SRB,2015,Serbia,Eastern Europe,7.35,56.0,10.0,7.7,9.3,8.8,4.5
SRB,2014,Serbia,Eastern Europe,7.35,60.0,10.0,7.7,9.2,8.8,4.7
SRB,2013,Serbia,Eastern Europe,7.35,58.0,10.0,7.7,9.2,8.8,4.7
SRB,2012,Serbia,Eastern Europe,7.32,58.0,10.0,7.5,8.8,7.5,5.0
SRB,2011,Serbia,Eastern Europe,7.18,66.0,10.0,7.5,8.8,7.5,5.1
SRB,2010,Serbia,Eastern Europe,7.16,69.0,10.0,7.5,8.8,7.5,4.8
SRB,2009,Serbia,Eastern Europe,7.35,57.0,10.0,7.5,8.8,7.5,4.4
SRB,2008,Serbia,Eastern Europe,7.35,58.0,10.0,7.5,8.8,7.5,5.0
SVK,2018,Slovak Republic,Eastern Europe,7.95,36.0,10.0,6.6,9.7,10.0,4.0
SVK,2017,Slovak Republic,Eastern Europe,8.0,36.0,10.0,6.0,9.6,10.0,4.2
SVK,2016,Slovak Republic,Eastern Europe,8.06,34.0,10.0,7.5,9.7,10.0,4.2
SVK,2015,Slovak Republic,Eastern Europe,8.05,36.0,10.0,8.4,9.7,10.0,4.3
SVK,2014,Slovak Republic,Eastern Europe,8.16,32.0,10.0,8.4,9.7,10.0,4.3
SVK,2013,Slovak Republic,Eastern Europe,8.14,30.0,10.0,8.4,9.7,10.0,4.3
SVK,2012,Slovak Republic,Eastern Europe,8.16,29.0,10.0,8.9,9.7,10.0,4.4
SVK,2011,Slovak Republic,Eastern Europe,8.23,25.0,10.0,8.9,9.6,10.0,4.8
SVK,2010,Slovak Republic,Eastern Europe,8.22,25.0,10.0,9.0,9.6,10.0,4.7
SVK,2009,Slovak Republic,Eastern Europe,8.22,24.0,10.0,8.4,9.8,10.0,4.6
SVK,2008,Slovak Republic,Eastern Europe,8.29,22.0,10.0,8.4,9.8,10.0,4.3
SVN,2018,Slovenia,Eastern Europe,8.05,33.0,10.0,9.2,9.8,10.0,7.4
SVN,2017,Slovenia,Eastern Europe,8.02,35.0,10.0,9.3,9.7,10.0,7.2
SVN,2016,Slovenia,Eastern Europe,8.04,35.0,10.0,9.3,9.8,10.0,7.1
SVN,2015,Slovenia,Eastern Europe,8.09,35.0,10.0,7.0,9.7,10.0,7.5
SVN,2014,Slovenia,Eastern Europe,8.09,36.0,10.0,7.0,9.7,10.0,6.6
SVN,2013,Slovenia,Eastern Europe,7.97,37.0,10.0,7.0,9.8,10.0,6.6
SVN,2012,Slovenia,Eastern Europe,8.02,39.0,10.0,8.7,9.7,10.0,6.6
SVN,2011,Slovenia,Eastern Europe,8.0,41.0,10.0,8.7,9.7,10.0,6.2
SVN,2010,Slovenia,Eastern Europe,7.97,40.0,10.0,8.7,9.7,10.0,5.6
SVN,2009,Slovenia,Eastern Europe,8.03,37.0,10.0,8.7,9.7,10.0,6.2
SVN,2008,Slovenia,Eastern Europe,8.02,37.0,10.0,7.4,9.8,10.0,6.4
ESP,2018,Spain,Western Europe,8.2,29.0,10.0,8.0,9.3,8.8,8.9
ESP,2017,Spain,Western Europe,8.14,31.0,10.0,8.0,9.4,8.8,8.6
ESP,2016,Spain,Western Europe,8.23,28.0,10.0,8.0,9.5,8.8,8.7
ESP,2015,Spain,Western Europe,8.24,27.0,10.0,8.0,9.5,8.8,8.6
ESP,2014,Spain,Western Europe,8.27,26.0,10.0,8.0,9.5,8.8,8.0
ESP,2013,Spain,Western Europe,8.23,25.0,10.0,8.0,9.5,8.8,8.0
ESP,2012,Spain,Western Europe,8.29,20.0,10.0,8.2,9.8,9.8,8.2
ESP,2011,Spain,Western Europe,8.32,21.0,10.0,8.2,9.1,9.8,8.4
ESP,2010,Spain,Western Europe,8.29,23.0,10.0,8.2,9.1,9.8,8.1
ESP,2009,Spain,Western Europe,8.2,25.0,10.0,8.2,8.9,9.8,7.8
ESP,2008,Spain,Western Europe,8.29,22.0,10.0,8.2,8.9,9.8,7.8
SWE,2018,Sweden,Western Europe,8.52,9.0,10.0,9.2,9.9,10.0,6.9
SWE,2017,Sweden,Western Europe,8.55,8.0,10.0,9.1,9.8,10.0,7.2
SWE,2016,Sweden,Western Europe,8.54,11.0,10.0,9.4,9.9,10.0,7.2
SWE,2015,Sweden,Western Europe,8.6,8.0,10.0,9.2,9.8,10.0,7.9
SWE,2014,Sweden,Western Europe,8.57,11.0,10.0,9.6,9.9,10.0,7.8
SWE,2013,Sweden,Western Europe,8.53,10.0,10.0,9.6,9.9,10.0,7.8
SWE,2012,Sweden,Western Europe,8.55,11.0,10.0,10.0,9.8,9.8,8.2
SWE,2011,Sweden,Western Europe,8.56,9.0,10.0,10.0,9.8,9.8,8.4
SWE,2010,Sweden,Western Europe,8.57,9.0,10.0,10.0,9.8,9.8,8.9
SWE,2009,Sweden,Western Europe,8.48,10.0,10.0,10.0,9.8,9.8,8.5
SWE,2008,Sweden,Western Europe,8.5,12.0,10.0,10.0,9.8,9.8,8.7
CHE,2018,Switzerland,Western Europe,8.82,2.0,10.0,8.3,9.9,10.0,9.0
CHE,2017,Switzerland,Western Europe,8.81,2.0,10.0,8.3,9.9,10.0,9.2
CHE,2016,Switzerland,Western Europe,8.77,2.0,10.0,8.2,9.5,8.8,9.3
CHE,2015,Switzerland,Western Europe,8.78,3.0,10.0,8.2,9.5,8.8,9.3
CHE,2014,Switzerland,Western Europe,8.79,3.0,10.0,8.5,9.5,8.8,8.7
CHE,2013,Switzerland,Western Europe,8.71,4.0,10.0,8.5,9.5,8.8,8.7
CHE,2012,Switzerland,Western Europe,8.77,3.0,10.0,7.5,9.8,9.8,8.8
CHE,2011,Switzerland,Western Europe,8.76,3.0,10.0,7.5,9.8,9.8,9.0
CHE,2010,Switzerland,Western Europe,8.8,3.0,10.0,7.5,9.8,9.8,8.9
CHE,2009,Switzerland,Western Europe,8.77,3.0,10.0,7.2,9.8,9.8,8.8
CHE,2008,Switzerland,Western Europe,8.81,3.0,10.0,9.9,9.8,9.8,8.9
UKR,2018,Ukraine,Eastern Europe,6.45,110.0,8.2,5.2,8.0,10.0,4.6
UKR,2017,Ukraine,Eastern Europe,6.35,114.0,7.0,6.5,7.9,10.0,4.5
UKR,2016,Ukraine,Eastern Europe,6.25,119.0,8.1,6.0,8.0,10.0,4.5
UKR,2015,Ukraine,Eastern Europe,5.97,130.0,0.4,6.0,6.4,10.0,4.2
UKR,2014,Ukraine,Eastern Europe,6.25,117.0,0.0,6.3,6.1,10.0,2.7
UKR,2013,Ukraine,Eastern Europe,6.88,84.0,10.0,8.2,8.7,10.0,2.7
UKR,2012,Ukraine,Eastern Europe,6.89,84.0,10.0,6.8,8.8,10.0,3.1
UKR,2011,Ukraine,Eastern Europe,6.95,83.0,10.0,6.8,9.1,10.0,3.4
UKR,2010,Ukraine,Eastern Europe,6.92,86.0,10.0,9.0,9.3,10.0,3.3
UKR,2009,Ukraine,Eastern Europe,6.88,87.0,10.0,8.7,9.2,10.0,3.3
UKR,2008,Ukraine,Eastern Europe,6.88,85.0,10.0,8.7,9.1,10.0,3.7
GBR,2018,United Kingdom,Western Europe,8.44,17.0,10.0,8.6,9.4,8.8,7.0
GBR,2017,United Kingdom,Western Europe,8.5,12.0,10.0,8.6,9.3,8.8,8.3
GBR,2016,United Kingdom,Western Europe,8.54,11.0,10.0,8.6,9.8,10.0,8.4
GBR,2015,United Kingdom,Western Europe,8.57,10.0,10.0,8.6,9.9,10.0,8.4
GBR,2014,United Kingdom,Western Europe,8.59,10.0,10.0,8.6,9.9,10.0,7.7
GBR,2013,United Kingdom,Western Europe,8.51,12.0,10.0,8.6,9.9,10.0,7.7
GBR,2012,United Kingdom,Western Europe,8.57,9.0,10.0,10.0,9.8,9.8,7.8
GBR,2011,United Kingdom,Western Europe,8.56,9.0,10.0,9.8,9.8,9.8,8.1
GBR,2010,United Kingdom,Western Europe,8.55,10.0,10.0,9.8,9.8,9.8,7.8
GBR,2009,United Kingdom,Western Europe,8.57,8.0,10.0,9.8,9.8,9.8,7.4
GBR,2008,United Kingdom,Western Europe,8.62,8.0,10.0,9.8,9.8,9.8,7.3
